{"cameraMode":{"drawMode":0,"name":"Shaded","section":"Shading Mode"},"sceneLighting":true,"audioPlay":false,"sceneViewState":{"showFog":true,"showMaterialUpdate":false,"showSkybox":true,"showFlares":true,"showImageEffects":true,"showParticleSystems":true},"in2DMode":false,"pivot":{"x":752.4880981445313,"y":20.72787857055664,"z":386.32000732421877},"rotation":{"x":-0.3818616271018982,"y":-0.000834628997836262,"z":0.00034478638553991914,"w":-0.9242194890975952},"size":62.41736602783203,"orthographic":false}