{"cameraMode":{"drawMode":0,"name":"Shaded","section":"Shading Mode"},"sceneLighting":true,"audioPlay":false,"sceneViewState":{"showFog":true,"showMaterialUpdate":false,"showSkybox":true,"showFlares":true,"showImageEffects":true,"showParticleSystems":true},"in2DMode":false,"pivot":{"x":486.10198974609377,"y":8.123960494995118,"z":662.4588012695313},"rotation":{"x":-0.06086938828229904,"y":-0.6885726451873779,"z":0.058191291987895969,"w":-0.7202701568603516},"size":36.465118408203128,"orthographic":false}