{"cameraMode":{"drawMode":0,"name":"Shaded","section":"Shading Mode"},"sceneLighting":true,"audioPlay":false,"sceneViewState":{"showFog":true,"showMaterialUpdate":false,"showSkybox":true,"showFlares":true,"showImageEffects":true,"showParticleSystems":true},"in2DMode":false,"pivot":{"x":329.9170837402344,"y":-9.332450866699219,"z":319.5272216796875},"rotation":{"x":-0.5126838684082031,"y":-0.00335029442794621,"z":0.0020020599476993086,"w":-0.8585745096206665},"size":70.10261535644531,"orthographic":false}