{"cameraMode":{"drawMode":0,"name":"Shaded","section":"Shading Mode"},"sceneLighting":true,"audioPlay":false,"sceneViewState":{"showFog":true,"showMaterialUpdate":false,"showSkybox":true,"showFlares":true,"showImageEffects":true,"showParticleSystems":true},"in2DMode":false,"pivot":{"x":206.93850708007813,"y":-8.21485710144043,"z":314.8767395019531},"rotation":{"x":-0.3915135860443115,"y":0.011591346934437752,"z":-0.004932318814098835,"w":-0.9200867414474487},"size":28.630210876464845,"orthographic":false}